PCAP File,Domain,Query Type,Status,Latency (ms),Steps,Answers
PCAP_1_H1.pcap,2brightsparks.co.uk,A,success,500.76,3,18.161.111.12; 18.161.111.88; 18.161.111.79; 18.161.111.14
PCAP_1_H1.pcap,41latitude.com,A,failed,444.20,0,
PCAP_1_H1.pcap,7dfps.com,A,success,437.44,3,172.67.161.32; 104.21.9.172
PCAP_1_H1.pcap,advertos.ru,A,success,701.23,3,45.92.176.75
PCAP_1_H1.pcap,afairjudgement.com,A,success,432.02,3,172.67.178.132; 104.21.56.56
PCAP_1_H1.pcap,afresnohomeinspector.com,A,success,1340.21,3,67.225.203.79
PCAP_1_H1.pcap,alchemedialtd.com,A,success,410.08,3,68.66.224.29
PCAP_1_H1.pcap,alenpuaca.com,A,success,734.16,3,67.205.28.253
PCAP_1_H1.pcap,amorefieldlife.com,A,success,466.73,3,162.241.226.124
PCAP_1_H1.pcap,aqvr.com,A,success,716.30,3,89.117.19.57
PCAP_1_H1.pcap,asadventure.com,A,success,425.36,3,18.161.97.64; 18.161.97.23; 18.161.97.123; 18.161.97.129
PCAP_1_H1.pcap,astrumonline.ru,A,success,2894.14,3,217.69.136.59
PCAP_1_H1.pcap,auqzzx.com,A,failed,402.37,0,
PCAP_1_H1.pcap,australiatradenow.com,A,success,432.20,3,3.1.109.80; 52.221.93.144
PCAP_1_H1.pcap,autofirenze.biz,A,success,894.60,3,89.46.109.17
PCAP_1_H1.pcap,b-matrix.com,A,success,562.45,3,137.135.108.176
PCAP_1_H1.pcap,bikesandtransit.com,A,success,435.43,3,192.0.78.24; 192.0.78.25
PCAP_1_H1.pcap,blueridgelife.com,A,success,564.42,3,192.124.249.6
PCAP_1_H1.pcap,buynowfromusa.com,A,success,533.82,3,35.223.118.1
PCAP_1_H1.pcap,camcard.com,A,success,437.38,3,184.169.209.203; 184.169.200.40
PCAP_1_H1.pcap,caricsports.com,A,success,430.56,3,104.21.51.12; 172.67.216.98
PCAP_1_H1.pcap,cetsi.fr,A,success,494.18,3,91.151.64.24
PCAP_1_H1.pcap,chonvn.com,A,failed,401.39,0,
PCAP_1_H1.pcap,chuamatsua.com,A,failed,15206.77,0,
PCAP_1_H1.pcap,coutureauchocolat.com,A,failed,395.99,0,
PCAP_1_H1.pcap,daehepharma.com,A,failed,546.31,0,
PCAP_1_H1.pcap,datepanchang.com,A,success,580.60,3,13.75.93.156
PCAP_1_H1.pcap,diamondknot.com,A,success,5802.24,3,198.185.159.144; 198.185.159.145; 198.49.23.144; 198.49.23.145
PCAP_1_H1.pcap,ditrblog.com,A,failed,393.45,0,
PCAP_1_H1.pcap,dj-producer-j-mbargo.com,A,failed,403.17,0,
PCAP_1_H1.pcap,door2games.com,A,success,569.08,3,160.153.0.43
PCAP_1_H1.pcap,effexdjs.com,A,failed,408.18,0,
PCAP_1_H1.pcap,energybulbs.co.uk,A,success,1015.26,3,23.227.38.32
PCAP_1_H1.pcap,eugenbotnar.com,A,failed,400.74,0,
PCAP_1_H1.pcap,ex-jw.org,A,success,362.49,3,185.230.63.107; 185.230.63.186; 185.230.63.171
PCAP_1_H1.pcap,fini.net,A,success,722.93,3,198.57.192.137
PCAP_1_H1.pcap,forpsi.net,A,success,547.59,3,85.255.6.237
PCAP_1_H1.pcap,gamemob.com,A,success,573.46,3,3.33.130.190; 15.197.148.33
PCAP_1_H1.pcap,gensee.com,A,success,485.58,3,211.150.89.25
PCAP_1_H1.pcap,globalpoliticalspectrum.com,A,failed,400.23,0,
PCAP_1_H1.pcap,group14eng.com,A,success,566.69,3,192.124.249.164
PCAP_1_H1.pcap,gusbi.com,A,success,562.25,3,185.145.195.19
PCAP_1_H1.pcap,healthnews4you.com,A,success,569.83,3,3.33.130.190; 15.197.148.33
PCAP_1_H1.pcap,hemcolubricants.com,A,success,676.67,3,194.9.94.85; 194.9.94.86
PCAP_1_H1.pcap,hornil.com,A,success,561.68,3,183.111.138.226
PCAP_1_H1.pcap,house-sg.com,A,success,911.06,3,208.98.40.211
PCAP_1_H1.pcap,i-butterfly.ru,A,success,530.13,3,172.67.151.138; 104.21.88.172
PCAP_1_H1.pcap,iag-inc.com,A,success,1245.45,3,103.224.182.253
PCAP_1_H1.pcap,informarexresistere.fr,A,success,1675.35,3,178.32.143.165
PCAP_1_H1.pcap,interfloracentral.co.uk,A,success,1703.53,3,217.69.32.44
PCAP_1_H1.pcap,jantv.in,A,success,350.36,3,172.67.132.252; 104.21.5.51
PCAP_1_H1.pcap,junio.com,A,success,844.20,3,209.196.144.25
PCAP_1_H1.pcap,kathihill.com,A,success,541.63,3,159.65.187.116
PCAP_1_H1.pcap,kennethehartman.com,A,success,448.66,3,192.0.78.24; 192.0.78.25
PCAP_1_H1.pcap,kh.ua,A,success,469.84,3,195.69.185.211
PCAP_1_H1.pcap,khsm.ru,A,success,1505.23,3,91.247.37.5
PCAP_1_H1.pcap,linksplash.info,A,failed,190.31,0,
PCAP_1_H1.pcap,livelinks.com,A,success,428.98,3,108.158.61.12; 108.158.61.13; 108.158.61.76; 108.158.61.89
PCAP_1_H1.pcap,localhost.re,A,success,471.09,3,104.21.50.127; 172.67.163.57
PCAP_1_H1.pcap,lozo.com,A,success,425.69,3,44.214.239.39; 107.21.144.47
PCAP_1_H1.pcap,luckypuppygames.com,A,success,575.11,3,172.233.219.78; 172.237.146.8; 172.233.219.123; 172.237.146.25; 172.233.219.49; 172.237.146.38
PCAP_1_H1.pcap,memeblender.com,A,success,427.57,3,104.21.7.158; 172.67.136.240
PCAP_1_H1.pcap,mesites.co.za,A,success,6676.25,4,41.204.200.130
PCAP_1_H1.pcap,michiganbulb.com,A,success,709.40,3,208.27.142.168
PCAP_1_H1.pcap,monsterhomesecuritystore.com,A,failed,392.30,0,
PCAP_1_H1.pcap,mwzip.com,A,success,444.98,3,104.21.20.205; 172.67.194.102
PCAP_1_H1.pcap,mysearch-online.com,A,failed,405.95,0,
PCAP_1_H1.pcap,newstetic.com,A,success,447.99,3,104.21.3.241; 172.67.131.89
PCAP_1_H1.pcap,niceinternetmoney.ru,A,failed,369.36,0,
PCAP_1_H1.pcap,o-ov.com,A,failed,6368.40,0,
PCAP_1_H1.pcap,ondemandappliancerepair.com,A,success,537.15,3,74.208.236.102
PCAP_1_H1.pcap,owlcreek.com,A,success,726.07,3,205.178.189.129
PCAP_1_H1.pcap,pbprofile.com,A,failed,398.39,0,
PCAP_1_H1.pcap,phi-pe.com,A,failed,407.26,0,
PCAP_1_H1.pcap,pictures-thailand.com,A,success,641.66,3,66.96.149.1
PCAP_1_H1.pcap,pieceinch.com,A,success,428.46,3,104.21.66.64; 172.67.201.136
PCAP_1_H1.pcap,portclydegeneralstore.com,A,success,571.99,3,198.185.159.144; 198.185.159.145; 198.49.23.144; 198.49.23.145
PCAP_1_H1.pcap,ppsuika.ac.id,A,success,736.28,4,203.175.8.54
PCAP_1_H1.pcap,probigbets.com,A,failed,411.71,0,
PCAP_1_H1.pcap,progettogiovani.pd.it,A,success,503.48,3,185.213.115.40
PCAP_1_H1.pcap,radioterminal.ru,A,success,553.89,3,188.225.40.161
PCAP_1_H1.pcap,reprosystems.ru,A,success,515.34,3,172.67.167.102; 104.21.59.11
PCAP_1_H1.pcap,retiragroup.com,A,failed,403.46,0,
PCAP_1_H1.pcap,rtsab.com,A,failed,589.74,0,
PCAP_1_H1.pcap,running-sigi.de,A,failed,320.98,0,
PCAP_1_H1.pcap,sdccdonline.net,A,failed,2058660.48,0,
PCAP_1_H1.pcap,sheltercoveinn.com,A,failed,678.37,0,
PCAP_1_H1.pcap,shivalikprints.com,A,success,442.53,3,162.215.11.92
PCAP_1_H1.pcap,shqqaa.com,A,success,430.95,3,104.21.25.127; 172.67.134.61
PCAP_1_H1.pcap,simternet.com,A,success,570.99,3,15.197.225.128; 3.33.251.168
PCAP_1_H1.pcap,somode.com,A,failed,399.29,0,
PCAP_1_H1.pcap,stunninggirls.net,A,success,420.45,3,34.95.33.229
PCAP_1_H1.pcap,toaskfuture.com,A,success,442.08,3,119.18.54.195
PCAP_1_H1.pcap,tottenhamhk.com,A,failed,392.51,0,
PCAP_1_H1.pcap,triggerfish.se,A,success,493.29,3,162.159.134.42; 162.159.135.42
PCAP_1_H1.pcap,tuhafhaberler.com,A,failed,399.37,0,
PCAP_1_H1.pcap,uahoy.net,A,failed,394.61,0,
PCAP_1_H1.pcap,us.tf,A,failed,187649.54,0,
PCAP_1_H1.pcap,wrestlingfanssuck.com,A,success,546.73,3,62.149.128.40
PCAP_1_H1.pcap,zzxu.cn,A,failed,53513.09,0,
PCAP_2_H2.pcap,51cdngo.com,A,failed,1884.01,0,
PCAP_2_H2.pcap,7sports.jp,A,success,556.92,3,150.95.219.152
PCAP_2_H2.pcap,a-loud.com,A,success,555.51,3,183.111.199.180
PCAP_2_H2.pcap,alkoholiker-clan.de,A,success,558.06,3,78.46.86.91
PCAP_2_H2.pcap,alltransport.ru,A,success,539.07,3,141.8.192.214
PCAP_2_H2.pcap,ambassadorsspfhf.org,A,failed,246.03,0,
PCAP_2_H2.pcap,amedeos.net,A,success,728.54,3,76.223.105.230; 13.248.243.5
PCAP_2_H2.pcap,androgyn.org,A,success,383.20,3,217.160.0.127
PCAP_2_H2.pcap,asip.es,A,failed,328.45,0,
PCAP_2_H2.pcap,aspiringwriter.ca,A,failed,334.26,0,
PCAP_2_H2.pcap,atomicbase.com,A,success,671.11,3,192.252.149.20
PCAP_2_H2.pcap,bek.ir,A,failed,394.30,0,
PCAP_2_H2.pcap,bigjournalism.com,A,success,429.69,3,172.67.215.184; 104.21.75.65
PCAP_2_H2.pcap,brfone.com,A,success,672.51,3,54.243.117.197; 13.223.25.84
PCAP_2_H2.pcap,brown.edu,A,success,10718.35,3,128.148.252.151
PCAP_2_H2.pcap,c3budiman.tk,A,failed,314.04,0,
PCAP_2_H2.pcap,capella.edu,A,success,10613.34,3,104.18.41.240; 172.64.146.16
PCAP_2_H2.pcap,casco.com,A,success,425.72,3,18.172.64.52; 18.172.64.64; 18.172.64.87; 18.172.64.33
PCAP_2_H2.pcap,cellularfactory.com,A,success,734.86,3,208.91.197.27
PCAP_2_H2.pcap,cncdesign.co.kr,A,success,995.39,3,175.126.62.41
PCAP_2_H2.pcap,congsoxanh.com,A,success,437.16,3,172.67.150.218; 104.21.64.129
PCAP_2_H2.pcap,consejodentistas.org,A,success,410.86,3,213.151.115.236
PCAP_2_H2.pcap,cornesoft.com,A,failed,392.59,0,
PCAP_2_H2.pcap,datadikdki.net,A,success,687.58,3,172.67.171.27; 104.21.55.109
PCAP_2_H2.pcap,doommovie.com,A,success,431.61,3,172.67.206.138; 104.21.50.133
PCAP_2_H2.pcap,elettronix.com,A,success,584.52,3,217.64.201.130
PCAP_2_H2.pcap,fanzi.pl,A,failed,197.16,0,
PCAP_2_H2.pcap,fauzanalfi.com,A,failed,589.05,0,
PCAP_2_H2.pcap,gamepsvita.com,A,success,438.04,3,192.64.118.75
PCAP_2_H2.pcap,gaybodyblog.com,A,success,423.79,3,148.72.167.158
PCAP_2_H2.pcap,gba4iosapp.com,A,success,520.38,3,198.49.23.144
PCAP_2_H2.pcap,gucenmez.com,A,success,434.88,3,172.67.149.173; 104.21.39.228
PCAP_2_H2.pcap,gvowebcast.com,A,success,427.02,3,104.21.83.130; 172.67.176.152
PCAP_2_H2.pcap,heygal.net,A,failed,390.79,0,
PCAP_2_H2.pcap,hivelocitymedia.com,A,success,447.02,3,172.67.152.101; 104.21.1.224
PCAP_2_H2.pcap,horn-elektronik.com,A,success,1352.63,3,92.43.119.40
PCAP_2_H2.pcap,hotel.ch,A,success,480.73,3,104.21.36.90; 172.67.191.193
PCAP_2_H2.pcap,huhgmbh.com,A,success,667.85,3,54.243.117.197; 13.223.25.84
PCAP_2_H2.pcap,hznzcn.com,A,success,1350.14,3,120.55.81.189
PCAP_2_H2.pcap,i12.de,A,failed,524.49,0,
PCAP_2_H2.pcap,itattoos.org,A,failed,237.61,0,
PCAP_2_H2.pcap,jabeye.org,A,success,701.33,3,173.236.216.220
PCAP_2_H2.pcap,jcwcn.com,A,success,1656.16,3,128.14.74.54
PCAP_2_H2.pcap,k-dsl.de,A,failed,340.08,0,
PCAP_2_H2.pcap,ku.edu,A,success,10685.74,3,129.237.135.76
PCAP_2_H2.pcap,lacuentaperdida.org,A,failed,263.05,0,
PCAP_2_H2.pcap,lgmonitorreview.nl,A,failed,191.30,0,
PCAP_2_H2.pcap,lighthouse.cc,A,success,848.87,3,192.110.166.196
PCAP_2_H2.pcap,likeminded.ca,A,success,624.03,3,198.100.154.154
PCAP_2_H2.pcap,ljyelectronic.com,A,success,525.30,3,156.232.155.66
PCAP_2_H2.pcap,lookpage.org,A,failed,245.17,0,
PCAP_2_H2.pcap,mattselznick.com,A,success,708.51,3,44.245.84.147
PCAP_2_H2.pcap,meintrendyhandy.de,A,success,641.91,3,94.143.8.110
PCAP_2_H2.pcap,metabans.com,A,success,444.97,3,104.21.65.104; 172.67.162.83
PCAP_2_H2.pcap,motiie.com,A,failed,398.95,0,
PCAP_2_H2.pcap,mplus.hk,A,success,1252.37,3,159.138.153.43
PCAP_2_H2.pcap,mpskota.com,A,success,424.31,3,20.192.98.161
PCAP_2_H2.pcap,mumphi.de,A,success,5845.96,3,87.106.48.102
PCAP_2_H2.pcap,newpages2u.com,A,success,669.41,3,110.74.174.131
PCAP_2_H2.pcap,nipslab.org,A,success,2128.37,3,89.46.108.36
PCAP_2_H2.pcap,nucre.com,A,failed,404706.22,0,
PCAP_2_H2.pcap,oberoncompany.com,A,success,458.50,3,104.21.68.213; 172.67.198.171
PCAP_2_H2.pcap,obtscan.com,A,failed,402.79,0,
PCAP_2_H2.pcap,ohdev.co.uk,A,success,469.97,3,51.89.253.246
PCAP_2_H2.pcap,ovtoc.com,A,success,556.11,3,64.190.63.222
PCAP_2_H2.pcap,panaceadream.com,A,failed,406.36,0,
PCAP_2_H2.pcap,phoenix-music.ru,A,failed,367.38,0,
PCAP_2_H2.pcap,qdushu.com,A,failed,403.61,0,
PCAP_2_H2.pcap,qingjiaopidaiji.com,A,failed,400.13,0,
PCAP_2_H2.pcap,raqualia.com,A,failed,1169.49,0,
PCAP_2_H2.pcap,redcrosseth.org,A,success,567.53,3,65.21.72.120
PCAP_2_H2.pcap,rousing.dk,A,success,512.63,3,212.237.249.17
PCAP_2_H2.pcap,sandieskorner.com,A,failed,413.42,0,
PCAP_2_H2.pcap,seedy.dk,A,success,668.07,3,93.191.156.22
PCAP_2_H2.pcap,simple-health-reports.com,A,failed,395.98,0,
PCAP_2_H2.pcap,sinemagrafik.com,A,failed,399.52,0,
PCAP_2_H2.pcap,sscw.ee,A,success,503.25,3,217.146.69.45
PCAP_2_H2.pcap,stopallthathating.com,A,failed,418.49,0,
PCAP_2_H2.pcap,supreetsethi.net,A,failed,395.99,0,
PCAP_2_H2.pcap,thankfullyyours.com,A,success,556.40,3,23.227.38.32
PCAP_2_H2.pcap,thereeftank.com,A,success,546.04,3,151.101.193.91; 151.101.1.91; 151.101.129.91; 151.101.65.91
PCAP_2_H2.pcap,thunderex.com,A,success,573.66,3,97.74.85.52
PCAP_2_H2.pcap,ticketbis.com,A,failed,471.16,0,
PCAP_2_H2.pcap,tomorrowsreflection.com,A,success,561.91,3,34.67.56.17
PCAP_2_H2.pcap,tonaci.com,A,success,523.15,3,69.46.47.132
PCAP_2_H2.pcap,topilehtipuu.com,A,success,1245.18,3,103.224.182.253
PCAP_2_H2.pcap,tretsomshop.nl,A,success,1985.77,3,23.227.38.32
PCAP_2_H2.pcap,tsksv.ru,A,success,2116.73,3,91.199.149.117
PCAP_2_H2.pcap,uanet.net,A,success,6028.64,3,38.55.165.9
PCAP_2_H2.pcap,udoo24.com,A,success,473.56,3,185.232.14.229
PCAP_2_H2.pcap,vaco.ru,A,success,2448.88,3,81.88.217.58
PCAP_2_H2.pcap,valerievandenbroek.nl,A,failed,181.88,0,
PCAP_2_H2.pcap,visualtap.com,A,success,666.75,3,52.20.84.62
PCAP_2_H2.pcap,volksschule-neufahrn.de,A,failed,315.09,0,
PCAP_2_H2.pcap,webxtrap.com,A,success,564.18,3,109.234.165.168
PCAP_2_H2.pcap,womenology.com,A,success,423.22,3,213.186.33.4
PCAP_2_H2.pcap,xqgcab.com,A,failed,398.71,0,
PCAP_2_H2.pcap,youngsnetwork.it,A,failed,336.46,0,
PCAP_2_H2.pcap,zamlelova.ru,A,success,3486.41,3,79.174.69.231
PCAP_2_H2.pcap,zilch.org,A,success,914.07,3,104.237.133.18
PCAP_3_H3.pcap,abmcare.com,A,success,434.14,3,104.18.11.144; 104.18.10.144
PCAP_3_H3.pcap,anvilnetworksolutions.net,A,success,747.11,3,217.160.0.13
PCAP_3_H3.pcap,archiportale.com,A,success,439.87,3,104.18.13.154; 104.18.12.154
PCAP_3_H3.pcap,arcoat.com,A,success,640.41,3,66.39.19.55
PCAP_3_H3.pcap,asseenontvlaunchpad.com,A,failed,390.89,0,
PCAP_3_H3.pcap,autopareri.com,A,success,474.58,3,147.93.94.216
PCAP_3_H3.pcap,bbqinjector.com,A,failed,400.83,0,
PCAP_3_H3.pcap,begleyhutton.com,A,success,1876.47,3,198.185.159.144; 198.49.23.145; 198.185.159.145; 198.49.23.144
PCAP_3_H3.pcap,bigliettieventi.info,A,failed,192.07,0,
PCAP_3_H3.pcap,bmw-parts.ru,A,success,565.16,3,91.236.136.97
PCAP_3_H3.pcap,bookingnest.com,A,success,565.46,3,76.223.54.146; 13.248.169.48
PCAP_3_H3.pcap,callcomm.info,A,failed,188.60,0,
PCAP_3_H3.pcap,cdmail.fr,A,success,1300.07,3,5.196.212.149
PCAP_3_H3.pcap,ceskykutil.cz,A,success,593.14,3,80.211.205.242
PCAP_3_H3.pcap,charityjob.co.uk,A,success,485.59,3,104.24.145.14; 172.67.64.72; 104.24.144.14
PCAP_3_H3.pcap,chekiang.info,A,failed,203.41,0,
PCAP_3_H3.pcap,chenghuavideo.asia,A,failed,7756.08,0,
PCAP_3_H3.pcap,cia.it,A,success,490.80,3,52.209.118.185; 52.213.149.102
PCAP_3_H3.pcap,ciber.com,A,success,445.86,3,103.247.209.15
PCAP_3_H3.pcap,clickdownloadfiles.com,A,failed,393.85,0,
PCAP_3_H3.pcap,consumerreviews24.com,A,failed,393.20,0,
PCAP_3_H3.pcap,cosmeticaestheticsurgery.com,A,success,31812.38,3,3.33.130.190; 15.197.148.33
PCAP_3_H3.pcap,crsgfk.de,A,failed,335.57,0,
PCAP_3_H3.pcap,currencyrates.org,A,success,416.91,3,104.21.23.70; 172.67.209.125
PCAP_3_H3.pcap,cushinglawoffices.com,A,failed,400.09,0,
PCAP_3_H3.pcap,cuteteenschoolgirlz.com,A,failed,397.58,0,
PCAP_3_H3.pcap,de.vu,A,success,353.64,3,81.28.232.69
PCAP_3_H3.pcap,dilw.ie,A,success,379.97,3,35.214.43.230
PCAP_3_H3.pcap,dock2office.com,A,failed,397.62,0,
PCAP_3_H3.pcap,drglendza.co.rs,A,failed,339.37,0,
PCAP_3_H3.pcap,dricom-hosting.nl,A,success,336.61,3,46.249.36.223
PCAP_3_H3.pcap,e-daily.gr,A,success,478.04,3,104.26.13.52; 104.26.12.52; 172.67.70.26
PCAP_3_H3.pcap,e-hps.com,A,success,442.46,3,208.44.185.221
PCAP_3_H3.pcap,ecolems.com,A,success,868.76,3,51.103.54.68
PCAP_3_H3.pcap,eggcityradio.com,A,success,1018.86,3,103.224.182.253
PCAP_3_H3.pcap,egov.sy,A,success,396.02,3,185.216.134.58
PCAP_3_H3.pcap,fmnara.com,A,success,1420.68,3,49.247.215.98
PCAP_3_H3.pcap,freeditorial.com,A,success,448.38,3,51.178.246.100
PCAP_3_H3.pcap,ftf.com,A,success,606.27,3,23.227.38.65
PCAP_3_H3.pcap,gadanguides.com,A,success,654.61,3,93.188.2.51
PCAP_3_H3.pcap,gadgetgearpro.com,A,failed,397.74,0,
PCAP_3_H3.pcap,gardenofwords.com,A,success,425.50,3,192.0.78.25; 192.0.78.24
PCAP_3_H3.pcap,get-webby.com,A,failed,390.13,0,
PCAP_3_H3.pcap,ghimpele.ro,A,success,494.24,3,89.35.160.167
PCAP_3_H3.pcap,giuseppelivraghi.it,A,success,36843.73,3,89.46.108.54
PCAP_3_H3.pcap,gregginn.com,A,success,561.75,3,3.33.130.190; 15.197.148.33
PCAP_3_H3.pcap,gxjbsj.com,A,success,643.18,3,172.247.103.2
PCAP_3_H3.pcap,hayalforum.net,A,failed,393.27,0,
PCAP_3_H3.pcap,hdcric.com,A,success,547.73,3,159.69.42.212; 159.69.83.207; 159.69.186.9; 95.216.161.60
PCAP_3_H3.pcap,hralda.info,A,failed,191.88,0,
PCAP_3_H3.pcap,hutago.com,A,success,824.54,3,118.27.125.209
PCAP_3_H3.pcap,iael.com,A,success,543.40,3,139.162.174.209; 172.104.251.198; 139.162.181.76; 172.104.149.86
PCAP_3_H3.pcap,ishidatic.com,A,success,676.31,3,15.197.172.60
PCAP_3_H3.pcap,laigang001.com,A,failed,389.64,0,
PCAP_3_H3.pcap,marilynlingerie.com,A,failed,393.94,0,
PCAP_3_H3.pcap,mechachal.org,A,failed,256.02,0,
PCAP_3_H3.pcap,medipacademy.com,A,success,436.81,3,172.67.131.163; 104.21.4.41
PCAP_3_H3.pcap,metar.gr,A,success,499.72,3,75.119.133.58
PCAP_3_H3.pcap,michaelbyers.org,A,success,517.34,3,198.185.159.144; 198.185.159.145; 198.49.23.144; 198.49.23.145
PCAP_3_H3.pcap,minecraftserverdeals.com,A,success,440.95,3,104.21.1.113; 172.67.129.48
PCAP_3_H3.pcap,monitis.com,A,success,466.51,3,188.172.236.218
PCAP_3_H3.pcap,morban.co.uk,A,success,816.44,3,217.160.0.111
PCAP_3_H3.pcap,nasaspaceflight.com,A,success,444.67,3,172.66.40.183; 172.66.43.73
PCAP_3_H3.pcap,ncees.org,A,success,392.25,3,172.66.158.97; 104.20.28.40
PCAP_3_H3.pcap,noblewomanhood.com,A,success,537.56,3,74.208.236.114
PCAP_3_H3.pcap,note-so-easy.co.za,A,success,3182.75,4,102.211.204.40
PCAP_3_H3.pcap,oaister.org,A,success,404.64,3,132.174.1.212
PCAP_3_H3.pcap,pahibu.net,A,failed,35011.70,0,
PCAP_3_H3.pcap,pet-connect.ru,A,success,557.30,3,194.58.112.174
PCAP_3_H3.pcap,polymth.com,A,success,433.09,3,172.67.147.218; 104.21.57.169
PCAP_3_H3.pcap,romney.com,A,success,725.36,3,208.91.197.27
PCAP_3_H3.pcap,rterc.in,A,success,355.12,3,147.79.69.9; 93.127.173.248
PCAP_3_H3.pcap,sailor.pl,A,success,332.53,3,88.99.19.146
PCAP_3_H3.pcap,sarahpartridge.net,A,failed,398.05,0,
PCAP_3_H3.pcap,sendrakhizonline.com,A,success,578.68,3,20.244.2.144
PCAP_3_H3.pcap,shishioh.info,A,success,462.55,3,219.94.162.166
PCAP_3_H3.pcap,silveropt.ru,A,failed,369.57,0,
PCAP_3_H3.pcap,skyhightmatter.info,A,failed,202.22,0,
PCAP_3_H3.pcap,sonoma-marinfair.org,A,success,384.76,3,172.67.163.188; 104.21.34.187
PCAP_3_H3.pcap,stkpro.ru,A,success,669.01,3,205.251.138.125
PCAP_3_H3.pcap,synchchaos.com,A,success,685.39,3,203.161.61.102
PCAP_3_H3.pcap,synrc.com,A,success,432.22,3,104.21.40.117; 172.67.185.234
PCAP_3_H3.pcap,tangkas888.com,A,success,449.74,3,104.21.7.113; 172.67.130.50
PCAP_3_H3.pcap,tawali.com,A,success,563.07,3,173.249.147.46
PCAP_3_H3.pcap,teachmyass.info,A,success,849.54,3,103.224.182.212
PCAP_3_H3.pcap,teleskill.it,A,success,1424.70,3,185.81.4.109
PCAP_3_H3.pcap,tenant-internet.com,A,failed,405.44,0,
PCAP_3_H3.pcap,texasbeyondhistory.net,A,success,1074.86,3,146.6.162.220
PCAP_3_H3.pcap,topbarbee.com,A,success,683.31,3,159.203.135.249
PCAP_3_H3.pcap,trackcheatingspouse.com,A,failed,404.03,0,
PCAP_3_H3.pcap,uca.edu,A,success,15971.81,3,161.31.3.35
PCAP_3_H3.pcap,urbannetwork.co.uk,A,success,19770.23,3,85.92.70.198
PCAP_3_H3.pcap,verlockeshop.de,A,success,633.06,3,185.64.112.230
PCAP_3_H3.pcap,video-peche-poisson.fr,A,failed,363.41,0,
PCAP_3_H3.pcap,vietcapitaltour.com,A,failed,403.09,0,
PCAP_3_H3.pcap,virtualjerusalem.com,A,success,699.26,3,69.48.168.47
PCAP_3_H3.pcap,vlielandoutdoorcenter.nl,A,success,347.98,3,185.232.249.41
PCAP_3_H3.pcap,vpndefender.com,A,success,417.06,3,98.90.116.126; 3.230.91.62
PCAP_3_H3.pcap,ximangquantrieu.com,A,success,529.72,3,123.31.17.119
PCAP_3_H3.pcap,zpav.pl,A,success,345.63,3,83.238.107.112
PCAP_4_H4.pcap,120shenbing.com,A,failed,387.99,0,
PCAP_4_H4.pcap,22hotmail.com,A,success,416.01,3,20.76.201.171; 20.112.250.133; 20.236.44.162; 20.231.239.246; 20.70.246.20
PCAP_4_H4.pcap,2xfzy.com,A,success,7370.79,3,23.226.181.51
PCAP_4_H4.pcap,7apcrshrmanila.org,A,failed,246.61,0,
PCAP_4_H4.pcap,abhair.com,A,success,1055.75,3,23.227.38.32
PCAP_4_H4.pcap,adverman.com,A,success,559.93,3,77.87.198.232
PCAP_4_H4.pcap,alb-automobiles.com,A,failed,399.14,0,
PCAP_4_H4.pcap,ana-sofia.pt,A,success,1813.38,3,185.32.190.38
PCAP_4_H4.pcap,arrabonet.hu,A,success,344.77,3,213.163.44.68
PCAP_4_H4.pcap,auto-klad.ru,A,success,2243.83,3,62.122.170.171
PCAP_4_H4.pcap,b2b2c.ca,A,success,1063.09,3,13.107.246.36
PCAP_4_H4.pcap,bhhsneproperties.com,A,success,426.78,3,8.43.189.250
PCAP_4_H4.pcap,boh10suphanburi.com,A,failed,397.09,0,
PCAP_4_H4.pcap,boneshoppe.com,A,failed,398.58,0,
PCAP_4_H4.pcap,breezelaw.com,A,success,559.78,3,76.223.54.146; 13.248.169.48
PCAP_4_H4.pcap,c0.pl,A,success,344.95,3,95.211.144.68
PCAP_4_H4.pcap,capequilog.com,A,success,1358.43,3,208.94.116.26
PCAP_4_H4.pcap,carolgraykennedy.com,A,failed,403.42,0,
PCAP_4_H4.pcap,celerity.com,A,success,482.07,3,35.188.214.201
PCAP_4_H4.pcap,cellslider.net,A,success,430.89,3,20.237.25.126
PCAP_4_H4.pcap,closerdiets.com,A,success,417.97,3,5.22.145.16; 5.22.145.121
PCAP_4_H4.pcap,contentremarketing.com,A,success,674.78,3,216.10.240.70
PCAP_4_H4.pcap,daytimeghosthunter.com,A,failed,408.56,0,
PCAP_4_H4.pcap,deine-bahn.de,A,success,591.21,3,92.204.239.74
PCAP_4_H4.pcap,divefishhouse.com,A,failed,392.82,0,
PCAP_4_H4.pcap,djbarryblends.com,A,success,566.71,3,54.225.184.165
PCAP_4_H4.pcap,dmg-dental.com,A,success,903.75,3,49.13.234.53
PCAP_4_H4.pcap,empclan.com,A,success,669.71,3,64.26.30.251
PCAP_4_H4.pcap,ereadz.com,A,failed,392.94,0,
PCAP_4_H4.pcap,florenseusa.com,A,success,553.55,3,34.95.203.179
PCAP_4_H4.pcap,frasesdemotivacao.net,A,failed,395.78,0,
PCAP_4_H4.pcap,freepornvideosx.com,A,failed,400.92,0,
PCAP_4_H4.pcap,gaplex.biz,A,failed,205.55,0,
PCAP_4_H4.pcap,gardeninginflorida.com,A,success,557.02,3,76.223.67.189; 13.248.213.45
PCAP_4_H4.pcap,go2jump.com,A,success,562.41,3,34.175.54.178
PCAP_4_H4.pcap,godo.co.kr,A,success,1094.97,3,180.210.81.80
PCAP_4_H4.pcap,grandcanyongrandhotel.com,A,success,29643.40,3,142.44.217.176
PCAP_4_H4.pcap,greens.my,A,success,367.10,3,104.21.4.120; 172.67.132.13
PCAP_4_H4.pcap,gurukulonline.com,A,success,571.30,3,76.223.54.146; 13.248.169.48
PCAP_4_H4.pcap,gustissimo.it,A,success,480.66,3,178.255.74.104; 178.255.74.135; 178.255.74.133
PCAP_4_H4.pcap,hackthissite.org,A,success,715.08,3,137.74.187.102; 137.74.187.101; 137.74.187.103; 137.74.187.104; 137.74.187.100
PCAP_4_H4.pcap,ilikecrochet.com,A,success,432.20,3,192.124.249.58
PCAP_4_H4.pcap,iointegrators.com,A,success,440.63,3,76.120.251.25
PCAP_4_H4.pcap,irflashgame.com,A,failed,400.12,0,
PCAP_4_H4.pcap,itgeorgia.co,A,success,921.18,3,64.98.135.85
PCAP_4_H4.pcap,jacquelinemertz.ch,A,failed,325.54,0,
PCAP_4_H4.pcap,kanoon-ansar.org,A,success,931.28,3,194.59.214.75
PCAP_4_H4.pcap,kiyimuzik.com,A,success,429.69,3,104.21.63.112; 172.67.145.101
PCAP_4_H4.pcap,koopsmodellbau.de,A,success,1414.56,3,217.160.0.247
PCAP_4_H4.pcap,lespetiteschoses.com,A,success,467.49,3,23.227.38.65
PCAP_4_H4.pcap,livescan4all.com,A,success,700.00,3,149.20.203.54
PCAP_4_H4.pcap,magic-illusion.ru,A,success,522.81,3,104.21.4.130; 172.67.132.25
PCAP_4_H4.pcap,majorleaguelacrosse.com,A,success,440.88,3,104.21.87.175; 172.67.170.123
PCAP_4_H4.pcap,medintime.ru,A,success,507.34,3,104.21.2.236; 172.67.129.206
PCAP_4_H4.pcap,meditekyazilim.net,A,success,622.72,3,185.95.3.218
PCAP_4_H4.pcap,megi.cz,A,success,484.05,3,45.138.107.20; 45.138.107.19
PCAP_4_H4.pcap,millionfareast.com,A,success,568.27,3,72.167.243.77
PCAP_4_H4.pcap,miscellaneousheathen.com,A,success,717.85,3,75.127.72.229
PCAP_4_H4.pcap,msf.be,A,success,10556.07,3,77.241.81.151
PCAP_4_H4.pcap,muhammedmusa.com,A,failed,25603.07,0,
PCAP_4_H4.pcap,myface.com,A,failed,436.88,0,
PCAP_4_H4.pcap,myfantasticpark.es,A,success,619.70,3,89.31.143.90
PCAP_4_H4.pcap,ngoanhien.com,A,failed,393.17,0,
PCAP_4_H4.pcap,njafe.org,A,success,612.23,3,103.224.182.253
PCAP_4_H4.pcap,oberandsons.com,A,success,694.77,3,34.128.166.114
PCAP_4_H4.pcap,ok-magazine.ru,A,success,557.06,3,188.124.32.70
PCAP_4_H4.pcap,onetoshop.nl,A,success,343.43,3,35.204.76.89
PCAP_4_H4.pcap,oneworldinfo.com,A,success,677.39,3,54.243.117.197; 13.223.25.84
PCAP_4_H4.pcap,originalmagicart.com,A,success,573.09,3,15.197.225.128; 3.33.251.168
PCAP_4_H4.pcap,overseasmedical.com,A,success,561.06,3,213.123.239.55
PCAP_4_H4.pcap,pces.in,A,success,357.37,3,195.35.44.242
PCAP_4_H4.pcap,pilsnerurquell.com,A,success,595.73,3,93.185.98.138
PCAP_4_H4.pcap,ranocchi.it,A,success,500.73,3,52.18.99.110
PCAP_4_H4.pcap,roche-applied-science.com,A,success,575.38,3,149.250.245.221
PCAP_4_H4.pcap,rolflouisville.com,A,success,694.05,3,208.88.75.191
PCAP_4_H4.pcap,rositehost.com,A,success,563.22,3,178.157.78.2
PCAP_4_H4.pcap,rubenquinones.com,A,success,568.07,3,15.197.225.128; 3.33.251.168
PCAP_4_H4.pcap,saharaimport.com,A,success,579.02,3,176.9.116.24
PCAP_4_H4.pcap,sapendolo.it,A,failed,100170.47,0,
PCAP_4_H4.pcap,sf-notifications.com,A,failed,425.39,0,
PCAP_4_H4.pcap,silkroadtours.com,A,success,560.63,3,23.236.62.147
PCAP_4_H4.pcap,sipflash.com,A,failed,536.67,0,
PCAP_4_H4.pcap,sitiweb.us,A,success,549.06,3,136.243.45.246
PCAP_4_H4.pcap,skplus.kr,A,failed,312.79,0,
PCAP_4_H4.pcap,solcredito.es,A,success,531.47,3,18.239.153.67; 18.239.153.56; 18.239.153.17; 18.239.153.86
PCAP_4_H4.pcap,stark.dk,A,success,535.11,3,20.50.2.80
PCAP_4_H4.pcap,supportpabiomass.org,A,success,649.78,3,162.248.51.100
PCAP_4_H4.pcap,sweathelp.org,A,success,520.31,3,107.180.114.231
PCAP_4_H4.pcap,theexoticpersian.com,A,failed,392.72,0,
PCAP_4_H4.pcap,thepropertyvault.co.uk,A,success,555.07,3,76.223.67.189; 13.248.213.45
PCAP_4_H4.pcap,tripladoppia.com,A,failed,400.46,0,
PCAP_4_H4.pcap,ugotrelis.com,A,success,677.39,3,213.186.33.82
PCAP_4_H4.pcap,valdo.com,A,success,535.15,3,23.227.38.65
PCAP_4_H4.pcap,viahttps.com,A,success,708.05,3,64.251.0.59
PCAP_4_H4.pcap,videofun.me,A,failed,334.44,0,
PCAP_4_H4.pcap,vinayaprabha.com,A,success,515.47,3,185.230.63.107; 185.230.63.171; 185.230.63.186
PCAP_4_H4.pcap,wiltpr.com,A,failed,394.99,0,
PCAP_4_H4.pcap,wordai.com,A,success,562.12,3,23.111.159.202
PCAP_4_H4.pcap,xxx-muschis.de,A,failed,327.35,0,
PCAP_4_H4.pcap,yunpda.com,A,failed,402.66,0,
